id,gender,department,start_date,salary,job_title,region_id
1,Female,Computers,2009-10-02,67470,Structural Engineer,2
2,Male,Sports,2008-03-31,71869,Financial Advisor,2
3,Male,Automotive,2009-07-12,101768,Recruiting Manager,3
4,Female,Jewelery,2014-12-25,96897,Desktop Support Technician,3
5,Female,Grocery,2002-09-19,63702,Software Engineer III,7
6,Male,Tools,2013-08-21,118497,Executive Secretary,1
7,Male,Computers,2006-05-14,65889,Dental Hygienist,6
8,Female,Toys,2003-08-12,84427,Safety Technician I,4
9,Male,Jewelery,2005-09-07,108657,Sales Associate,2
10,Male,Movies,2013-03-13,108093,Sales Representative,1
11,Female,Jewelery,2003-11-27,121966,Community Outreach Specialist,7
12,Male,Clothing,2003-02-04,44179,Data Coordiator,7
13,Male,Baby,2002-10-13,85227,Compensation Analyst,3
14,Female,Computers,2006-10-22,59763,Software Test Engineer III,4
15,Female,Games,2007-03-04,141139,Community Outreach Specialist,7
16,Female,Baby,2008-03-14,106659,Web Developer III,1
17,Female,Kids,2011-05-04,148952,Programmer IV,6
18,Male,Home,2014-11-03,93804,Geologist II,5
19,Male,Electronics,2004-09-22,109890,VP Sales,3
20,Female,Movies,2007-11-22,115274,VP Quality Control,5
21,Female,Industrial,2005-08-12,78052,Software Consultant,3
22,Male,Automotive,2011-12-26,144724,Marketing Assistant,2
23,Female,Jewelery,2001-04-12,126103,Senior Developer,4
24,Male,Garden,2006-06-29,144965,Nurse Practicioner,2
25,Male,Toys,2004-06-04,70613,Business Systems Development Analyst,1
26,Female,Home,2011-05-30,90746,Dental Hygienist,2
27,Female,Home,2005-05-26,78698,Executive Secretary,2
28,Female,Books,2008-03-02,63336,Sales Representative,4
29,Female,Clothing,2013-07-05,95436,Quality Engineer,3
30,Male,Beauty,2012-02-17,83144,Account Representative III,2
31,Female,Tools,2012-10-21,113507,Accountant I,7
32,Male,Games,2014-04-07,78245,Nuclear Power Engineer,6
33,Male,Movies,2000-03-21,87057,Assistant Manager,1
34,Male,Movies,2002-11-28,120579,Assistant Media Planner,6
35,Female,Books,2013-06-13,94884,Librarian,7
36,Male,Outdoors,2008-12-28,107222,Payment Adjustment Coordinator,3
37,Female,Home,2000-05-20,61739,Quality Engineer,1
38,Female,Garden,2012-01-25,82026,Nurse,2
39,Male,Baby,2011-07-02,79339,Civil Engineer,1
40,Female,Clothing,2011-08-20,76809,Quality Engineer,6
41,Female,Baby,2001-05-10,89680,Web Developer III,6
42,Male,Computers,2008-04-01,125668,Executive Secretary,7
43,Male,Sports,2009-05-29,82960,Account Representative III,6
44,Male,Movies,2013-12-21,113857,Developer III,2
45,Male,Automotive,2002-01-24,108378,Electrical Engineer,7
46,Male,Outdoors,2011-12-11,133424,Junior Executive,7
47,Female,Clothing,2013-08-30,42797,Software Engineer III,5
48,Male,Computers,2004-04-26,134940,Financial Advisor,4
49,Male,Home,2008-12-21,119471,Editor,6
50,Female,Automotive,2010-03-16,89969,Senior Editor,4
51,Male,Baby,2006-09-26,106281,Senior Developer,3
52,Female,Kids,2002-09-26,141678,Design Engineer,3
53,Male,Computers,2008-06-14,110839,Automation Specialist I,1
54,Female,Toys,2001-04-15,84275,VP Marketing,5
55,Male,Automotive,2004-04-21,71363,Environmental Tech,3
56,Male,Garden,2002-12-02,93680,VP Accounting,3
57,Female,Outdoors,2000-11-20,73755,Geologist II,3
58,Male,Games,2007-03-02,68857,Information Systems Manager,2
59,Female,Health,2002-03-19,48360,Registered Nurse,6
60,Male,Outdoors,2004-07-15,104896,Financial Advisor,5
61,Female,Tools,2009-08-10,81870,Occupational Therapist,7
62,Male,Automotive,2007-05-29,69936,Senior Editor,7
63,Female,Grocery,2007-12-11,138844,Mechanical Systems Engineer,6
64,Male,Garden,2011-11-12,139796,Office Assistant IV,1
65,Female,Automotive,2000-01-27,86939,Tax Accountant,3
66,Male,Beauty,2003-09-27,141949,Product Engineer,4
67,Female,Grocery,2004-08-08,114200,Senior Sales Associate,7
68,Male,Beauty,2012-09-02,121378,Web Developer I,7
69,Male,Toys,2000-08-22,148144,Data Coordiator,4
70,Female,Games,2004-11-13,93839,Database Administrator III,2
71,Male,Baby,2002-10-20,77285,Operator,6
72,Female,Music,2002-10-13,135688,Statistician I,4
73,Male,Sports,2002-04-03,78828,Director of Sales,2
74,Female,Home,2000-07-11,47206,Programmer III,3
75,Female,Outdoors,2013-10-06,78157,Senior Financial Analyst,1
76,Female,Electronics,2000-07-23,49296,Software Test Engineer II,6
77,Male,Tools,2013-02-07,139061,Environmental Specialist,3
78,Female,Games,2005-09-16,114989,Marketing Assistant,3
79,Male,Clothing,2002-09-15,88345,Junior Executive,6
80,Male,Music,2001-09-12,114647,Editor,5
81,Male,Outdoors,2004-07-24,118514,Accounting Assistant III,5
82,Female,Home,2003-05-11,93712,Junior Executive,7
83,Male,Industrial,2009-05-02,86373,Compensation Analyst,7
84,Male,Kids,2013-01-28,122110,Structural Engineer,6
85,Female,Games,2006-03-26,95542,Nurse,2
86,Female,Outdoors,2013-05-25,131392,Systems Administrator II,2
87,Male,Music,2010-10-23,98401,VP Quality Control,1
88,Female,Tools,2004-09-19,103806,Accounting Assistant I,3
89,Male,Health,2014-04-10,73686,Tax Accountant,2
90,Male,Games,2011-11-03,55002,Research Assistant IV,6
91,Male,Baby,2005-03-07,65216,Registered Nurse,4
92,Female,Automotive,2010-06-22,113231,Senior Editor,7
93,Female,Electronics,2014-04-03,125847,Chemical Engineer,5
94,Female,Music,2000-05-31,140430,Senior Cost Accountant,2
95,Male,Movies,2013-11-06,117105,VP Quality Control,5
96,Male,Beauty,2004-02-21,96673,Accounting Assistant I,1
97,Female,Games,2013-03-14,79267,VP Quality Control,7
98,Female,Kids,2007-10-11,109154,Accountant I,4
99,Female,Books,2002-04-24,138815,Physical Therapy Assistant,3
100,Male,Sports,2007-08-03,68210,Registered Nurse,4
101,Male,Games,2002-11-16,137281,VP Sales,3
102,Male,Health,2008-08-09,114970,Statistician IV,2
103,Male,Automotive,2003-07-19,126001,Structural Engineer,6
104,Male,Grocery,2003-09-16,78736,Financial Analyst,6
105,Male,Shoes,2009-09-16,80830,Quality Control Specialist,4
106,Male,Kids,2009-08-06,47879,Product Engineer,5
107,Female,Computers,2004-03-31,132634,Civil Engineer,2
108,Male,Clothing,2005-07-14,68344,Senior Cost Accountant,7
109,Female,Clothing,2007-10-14,147868,General Manager,6
110,Male,Books,2011-04-15,67255,Geologist III,4
111,Female,Computers,2012-06-13,47494,Help Desk Operator,6
112,Female,Movies,2013-07-19,127645,Legal Assistant,1
113,Male,Baby,2000-03-01,54413,Operator,5
114,Male,Grocery,2012-12-06,136790,Nuclear Power Engineer,2
115,Female,Clothing,2007-06-30,58420,Graphic Designer,1
116,Male,Industrial,2002-01-17,73813,Occupational Therapist,3
117,Male,Movies,2012-10-02,49644,Senior Developer,4
118,Male,Automotive,2009-09-03,87134,Assistant Manager,3
119,Female,Clothing,2008-10-06,148408,Speech Pathologist,3
120,Female,Toys,2008-01-23,77335,Chemical Engineer,4
121,Female,Sports,2007-08-05,131409,Technical Writer,7
122,Male,Baby,2001-02-26,77530,Librarian,1
123,Female,Garden,2002-04-26,101875,Business Systems Development Analyst,4
124,Female,Grocery,2005-12-07,144028,Executive Secretary,6
125,Female,Movies,2012-05-05,140708,Nurse,1
126,Male,Shoes,2013-07-11,79172,Associate Professor,7
127,Female,Outdoors,2000-05-18,144639,VP Quality Control,7
128,Male,Computers,2003-03-24,109449,Engineer II,7
129,Female,Computers,2006-10-15,108441,Nurse,6
130,Female,Games,2008-07-03,145692,Recruiting Manager,5
131,Male,Shoes,2000-02-24,120377,Research Nurse,4
132,Female,Home,2003-05-14,63929,Research Assistant IV,5
133,Male,Games,2001-02-01,124853,Systems Administrator III,2
134,Female,Outdoors,2010-06-03,99854,VP Marketing,6
135,Female,Kids,2013-08-11,58675,Technical Writer,3
136,Female,Beauty,2007-05-16,50060,Accountant IV,1
137,Female,Sports,2014-08-09,72748,Quality Control Specialist,3
138,Male,Electronics,2005-09-01,71082,Geologist III,7
139,Male,Jewelery,2012-01-08,119773,Pharmacist,3
140,Male,Computers,2001-01-22,82358,Information Systems Manager,4
141,Male,Games,2005-12-12,145575,VP Accounting,1
142,Male,Industrial,2009-12-06,105810,Recruiter,5
143,Male,Tools,2014-05-06,58805,Database Administrator I,1
144,Female,Baby,2008-12-08,112837,Clinical Specialist,5
145,Female,Baby,2013-04-14,125914,Junior Executive,6
146,Male,Movies,2009-02-04,133281,Account Executive,6
147,Female,Music,2012-10-06,96169,Civil Engineer,1
148,Male,Movies,2013-05-09,146970,Staff Accountant III,3
149,Female,Toys,2008-05-03,76352,Human Resources Assistant IV,4
150,Male,Health,2006-10-15,128748,Web Developer III,1
151,Male,Books,2011-08-09,50066,Operator,1
152,Male,Music,2011-07-22,105319,Compensation Analyst,4
153,Male,Home,2003-10-30,110622,Safety Technician IV,4
154,Female,Electronics,2009-10-16,87422,Help Desk Operator,7
155,Male,Books,2007-09-06,45456,Chemical Engineer,1
156,Male,Industrial,2004-05-21,52298,Analyst Programmer,7
157,Male,Shoes,2007-05-14,131252,Account Representative III,1
158,Male,Garden,2001-02-23,128766,Desktop Support Technician,2
159,Male,Tools,2009-09-12,138179,Analog Circuit Design manager,3
160,Female,Industrial,2003-06-22,85012,Financial Analyst,1
161,Male,Health,2001-08-24,131479,Senior Cost Accountant,7
162,Female,Health,2005-12-28,103182,Accounting Assistant I,2
163,Male,Garden,2000-06-07,96996,Software Test Engineer I,4
164,Female,Computers,2008-08-30,106607,Automation Specialist I,2
165,Male,Automotive,2012-12-05,130993,Administrative Officer,2
166,Male,Industrial,2006-03-05,87097,Safety Technician IV,7
167,Male,Outdoors,2013-01-25,131961,Legal Assistant,4
168,Female,Jewelery,2014-06-09,88093,Editor,7
169,Male,Movies,2010-12-24,41898,Tax Accountant,6
170,Male,Electronics,2004-06-28,52808,Human Resources Assistant I,2
171,Female,Movies,2004-09-27,110912,Geologist I,5
172,Male,Books,2009-09-05,101520,Project Manager,1
173,Female,Books,2005-11-21,55633,Systems Administrator IV,1
174,Female,Books,2010-10-08,91561,VP Product Management,7
175,Male,Grocery,2013-11-07,77307,Biostatistician IV,7
176,Male,Clothing,2012-10-14,67942,Financial Advisor,6
177,Female,Clothing,2008-09-18,80397,Compensation Analyst,1
178,Female,Sports,2003-02-17,78157,Librarian,1
179,Female,Garden,2004-01-29,121836,VP Accounting,7
180,Male,Outdoors,2008-11-08,76063,Administrative Assistant II,6
181,Female,Garden,2001-05-02,56923,Social Worker,2
182,Female,Industrial,2009-04-04,76932,Legal Assistant,5
183,Female,Games,2002-08-03,64410,Senior Developer,2
184,Female,Books,2008-02-02,111873,Payment Adjustment Coordinator,2
185,Female,Clothing,2001-09-22,74648,Health Coach III,2
186,Female,Toys,2011-09-17,144991,Technical Writer,7
187,Female,Outdoors,2005-11-04,107407,Systems Administrator II,3
188,Male,Grocery,2012-03-17,120225,Editor,7
189,Male,Home,2014-12-02,122272,Environmental Specialist,2
190,Female,Health,2002-11-13,120577,Web Designer III,1
191,Female,Electronics,2008-04-29,148986,Structural Analysis Engineer,1
192,Male,Games,2000-02-10,101855,Engineer IV,4
193,Female,Industrial,2006-02-17,140850,Financial Analyst,4
194,Male,Toys,2006-02-01,142516,Professor,1
195,Male,Shoes,2012-11-09,48829,Accountant I,1
196,Male,Outdoors,2006-09-16,81270,Geological Engineer,1
197,Female,Beauty,2011-01-03,130097,Office Assistant IV,5
198,Female,Industrial,2000-01-24,117905,Dental Hygienist,4
199,Female,Shoes,2010-11-12,142483,Social Worker,3
200,Male,Movies,2004-09-20,89633,Software Consultant,4
201,Male,Home,2009-03-18,48684,Nurse Practicioner,6
202,Female,Automotive,2004-01-23,91932,Analyst Programmer,1
203,Female,Grocery,2005-10-07,112004,Internal Auditor,7
204,Female,Beauty,2000-09-25,116013,Tax Accountant,4
205,Female,Games,2008-09-10,109058,Chemical Engineer,7
206,Male,Toys,2012-05-06,61992,Sales Representative,4
207,Female,Movies,2008-10-02,129527,Statistician II,2
208,Female,Grocery,2001-12-15,67746,Director of Sales,2
209,Male,Books,2010-03-14,104530,VP Marketing,2
210,Female,Music,2008-01-17,42759,Social Worker,4
211,Female,Kids,2011-02-25,43097,Associate Professor,2
212,Female,Outdoors,2005-11-22,123936,Internal Auditor,1
213,Male,Tools,2006-11-28,128239,Teacher,6
214,Male,Computers,2003-10-31,66084,Electrical Engineer,6
215,Male,Games,2009-03-14,106729,Occupational Therapist,5
216,Male,Jewelery,2009-03-15,87269,General Manager,4
217,Male,Home,2004-12-01,128765,Senior Financial Analyst,2
218,Male,Games,2003-05-25,104671,VP Marketing,7
219,Male,Shoes,2011-05-01,55073,Assistant Professor,4
220,Female,Outdoors,2007-11-21,146256,Paralegal,1
221,Female,Home,2005-01-15,55077,Registered Nurse,7
222,Female,Grocery,2011-04-11,124215,Recruiting Manager,2
223,Male,Computers,2008-04-28,105444,Human Resources Assistant II,6
224,Female,Sports,2010-05-01,141513,Staff Accountant I,1
225,Female,Shoes,2008-03-13,97623,Technical Writer,1
226,Male,Health,2005-11-12,106833,Registered Nurse,7
227,Female,Beauty,2006-04-18,69045,Accounting Assistant IV,2
228,Male,Outdoors,2008-07-04,113311,Programmer III,2
229,Female,Outdoors,2013-11-02,116301,Design Engineer,3
230,Female,Industrial,2006-01-05,138459,Geological Engineer,1
231,Female,Clothing,2005-07-03,87800,Sales Associate,7
232,Female,Kids,2000-05-27,52572,Compensation Analyst,7
233,Male,Electronics,2009-04-24,44917,Biostatistician IV,5
234,Female,Shoes,2010-02-02,110896,Accountant II,2
235,Male,Books,2001-12-22,108970,Senior Cost Accountant,2
236,Male,Jewelery,2009-04-27,83543,Programmer II,5
237,Female,Music,2013-07-14,63598,Budget/Accounting Analyst II,1
238,Male,Movies,2014-04-06,131274,Clinical Specialist,2
239,Female,Computers,2005-02-16,149085,Software Engineer III,7
240,Male,Games,2013-09-21,143223,Staff Accountant IV,6
241,Female,Clothing,2010-12-22,107207,Web Developer II,3
242,Male,Health,2003-11-30,137594,Operator,6
243,Male,Home,2006-01-26,139845,Director of Sales,4
244,Female,Sports,2012-09-07,65563,Help Desk Technician,4
245,Female,Kids,2014-01-02,142988,Marketing Manager,6
246,Female,Industrial,2000-01-22,134074,Product Engineer,6
247,Male,Toys,2010-01-21,80654,Geological Engineer,2
248,Male,Garden,2005-12-13,118834,Financial Analyst,6
249,Male,Kids,2013-03-03,85559,Pharmacist,2
250,Male,Books,2001-09-15,84049,Information Systems Manager,5
251,Female,Jewelery,2011-01-16,47439,Tax Accountant,7
252,Male,Tools,2000-12-16,87072,Structural Engineer,7
253,Female,Computers,2003-05-12,123401,Computer Systems Analyst I,4
254,Female,Grocery,2001-04-02,131681,Account Executive,7
255,Female,Kids,2014-08-29,96118,Social Worker,5
256,Female,Books,2006-12-01,87816,Administrative Assistant I,2
257,Female,Home,2012-06-05,83804,Operator,1
258,Male,Automotive,2007-10-26,133612,VP Product Management,4
259,Female,Computers,2010-04-14,47007,Internal Auditor,3
260,Male,Health,2005-12-13,142967,GIS Technical Architect,5
261,Female,Kids,2011-12-06,71433,Food Chemist,4
262,Female,Beauty,2000-03-08,74191,Business Systems Development Analyst,1
263,Male,Movies,2005-01-29,109004,Account Coordinator,5
264,Male,Industrial,2014-04-20,102211,Senior Cost Accountant,3
265,Male,Computers,2000-08-03,75862,Electrical Engineer,5
266,Male,Jewelery,2000-03-05,61446,Environmental Specialist,2
267,Male,Home,2011-06-02,146432,VP Quality Control,2
268,Female,Grocery,2002-02-18,50623,Biostatistician III,7
269,Male,Outdoors,2014-12-11,108248,Safety Technician I,3
270,Female,Automotive,2005-08-06,120875,Software Consultant,1
271,Female,Sports,2001-08-07,123843,Senior Sales Associate,7
272,Male,Music,2014-05-16,43940,Health Coach I,2
273,Female,Movies,2013-01-06,142840,Account Coordinator,1
274,Male,Garden,2006-08-01,125713,Account Representative III,3
275,Female,Books,2010-04-26,122219,Engineer I,6
276,Female,Electronics,2000-05-21,46259,Help Desk Technician,6
277,Female,Clothing,2003-07-14,142403,Engineer III,3
278,Male,Garden,2000-01-26,88165,Librarian,4
279,Male,Garden,2007-06-26,86291,Dental Hygienist,7
280,Male,Kids,2008-06-04,139163,Legal Assistant,5
281,Male,Music,2006-11-05,48892,Accounting Assistant I,1
282,Female,Outdoors,2014-12-24,120540,Junior Executive,6
283,Female,Health,2000-03-13,47450,Automation Specialist I,1
284,Female,Health,2008-08-25,142255,Quality Engineer,4
285,Male,Garden,2000-08-16,62441,Environmental Specialist,3
286,Female,Games,2007-03-11,142529,Librarian,2
287,Female,Beauty,2010-03-19,142103,Associate Professor,4
288,Male,Electronics,2002-08-11,102395,Account Coordinator,6
289,Male,Home,2009-10-09,44593,Engineer III,2
290,Male,Grocery,2007-02-09,120800,Accountant III,5
291,Female,Books,2003-11-26,121238,Senior Developer,4
292,Female,Automotive,2011-12-08,91296,Environmental Tech,6
293,Female,Health,2011-08-24,86070,Clinical Specialist,3
294,Female,Movies,2009-01-31,61519,Human Resources Assistant III,7
295,Female,Books,2005-09-20,47131,Developer IV,6
296,Male,Kids,2008-04-07,93962,Staff Scientist,3
297,Male,Shoes,2014-11-12,133845,Executive Secretary,4
298,Male,Clothing,2010-06-17,43067,Research Assistant I,7
299,Female,Beauty,2001-09-01,88972,Paralegal,7
300,Male,Clothing,2005-11-15,77635,VP Product Management,3
301,Male,Grocery,2011-05-16,148993,Speech Pathologist,1
302,Female,Tools,2002-08-15,113599,Geological Engineer,2
303,Male,Electronics,2012-03-15,76943,General Manager,7
304,Female,Books,2007-05-26,77486,Community Outreach Specialist,4
305,Male,Electronics,2013-11-20,135001,Recruiting Manager,4
306,Male,Baby,2008-11-10,52171,Data Coordiator,2
307,Female,Garden,2006-06-22,139302,Engineer IV,5
308,Female,Health,2000-08-09,126683,Librarian,4
309,Male,Sports,2006-07-04,143781,Product Engineer,4
310,Male,Books,2008-03-05,51761,Cost Accountant,5
311,Male,Shoes,2011-05-26,45463,Marketing Manager,5
312,Female,Clothing,2003-11-15,133498,Nuclear Power Engineer,7
313,Female,Home,2011-03-21,81273,Health Coach II,4
314,Male,Computers,2008-02-27,77921,Environmental Specialist,7
315,Male,Games,2012-07-25,59580,General Manager,2
316,Male,Sports,2010-09-16,40418,VP Marketing,2
317,Male,Grocery,2004-08-05,104844,Structural Analysis Engineer,3
318,Male,Computers,2003-04-27,139304,Help Desk Technician,3
319,Female,Home,2011-12-20,140996,Software Engineer IV,3
320,Male,Garden,2010-04-12,52430,Assistant Media Planner,5
321,Female,Books,2001-08-24,145284,Information Systems Manager,7
322,Male,Computers,2013-11-07,66063,Web Designer III,2
323,Male,Electronics,2008-04-10,134422,Occupational Therapist,4
324,Female,Computers,2012-05-19,106229,Research Associate,4
325,Female,Clothing,2012-05-13,107727,Computer Systems Analyst I,2
326,Female,Jewelery,2007-12-12,130188,Social Worker,3
327,Male,Automotive,2002-10-04,140194,Programmer IV,5
328,Female,Computers,2005-01-06,58719,Media Manager I,4
329,Female,Shoes,2004-07-27,86803,Administrative Assistant III,4
330,Male,Industrial,2010-06-23,68334,Administrative Officer,7
331,Female,Sports,2008-12-23,91906,Food Chemist,4
332,Female,Games,2006-12-20,48064,Office Assistant II,5
333,Male,Industrial,2004-06-30,75281,Data Coordiator,7
334,Male,Industrial,2009-03-24,91659,VP Accounting,4
335,Female,Sports,2001-10-03,52792,Pharmacist,2
336,Female,Home,2001-08-30,40415,Food Chemist,4
337,Male,Movies,2008-06-16,83256,Senior Editor,5
338,Female,Electronics,2012-12-30,145181,Programmer Analyst III,1
339,Female,Jewelery,2004-07-23,78294,Software Consultant,4
340,Male,Electronics,2007-07-03,90120,Biostatistician I,2
341,Male,Home,2008-09-24,80284,VP Accounting,3
342,Female,Shoes,2009-07-26,85511,Business Systems Development Analyst,5
343,Female,Toys,2008-06-13,40138,Payment Adjustment Coordinator,6
344,Male,Books,2010-06-17,42714,Electrical Engineer,7
345,Male,Music,2005-06-21,65767,Programmer Analyst I,4
346,Female,Kids,2013-02-13,149351,Design Engineer,7
347,Female,Tools,2012-01-03,88470,Associate Professor,1
348,Female,Electronics,2009-11-26,90317,Health Coach I,4
349,Male,Garden,2012-10-10,142149,Compensation Analyst,2
350,Male,Electronics,2000-05-21,144073,Programmer I,1
351,Female,Books,2001-08-17,54410,Programmer Analyst II,7
352,Male,Home,2000-06-28,107907,Financial Advisor,5
353,Female,Home,2010-07-10,91249,Mechanical Systems Engineer,2
354,Male,Outdoors,2005-12-20,78478,Compensation Analyst,5
355,Male,Sports,2005-07-07,48812,Human Resources Assistant III,7
356,Female,Grocery,2000-04-27,147440,Sales Associate,2
357,Male,Outdoors,2003-05-18,87978,Senior Financial Analyst,1
358,Male,Automotive,2002-06-17,67800,Desktop Support Technician,2
359,Male,Baby,2010-05-14,42944,Tax Accountant,3
360,Female,Automotive,2004-07-18,84356,Marketing Assistant,2
361,Female,Garden,2006-12-06,144724,Senior Quality Engineer,7
362,Male,Grocery,2003-09-08,147290,Analyst Programmer,6
363,Male,Automotive,2001-12-28,83177,Community Outreach Specialist,3
364,Male,Health,2014-05-31,83252,Civil Engineer,3
365,Male,Clothing,2000-08-30,127393,Help Desk Technician,7
366,Male,Industrial,2006-01-29,67186,Research Nurse,1
367,Female,Beauty,2002-03-05,102361,Computer Systems Analyst III,5
368,Female,Kids,2001-08-15,60688,Paralegal,1
369,Female,Electronics,2013-04-24,44704,Data Coordiator,2
370,Male,Home,2002-01-09,110627,Teacher,7
371,Male,Sports,2000-06-04,127223,Operator,5
372,Female,Kids,2001-08-31,96163,Safety Technician IV,3
373,Male,Jewelery,2012-04-24,86524,Developer IV,5
374,Female,Baby,2005-09-19,141464,Programmer IV,4
375,Female,Industrial,2014-08-27,88029,Help Desk Operator,4
376,Male,Home,2007-03-21,47281,VP Quality Control,6
377,Female,Electronics,2002-01-15,93245,Staff Scientist,1
378,Male,Automotive,2012-07-30,110589,Cost Accountant,7
379,Male,Jewelery,2003-04-03,63735,VP Accounting,6
380,Female,Industrial,2013-11-23,91182,Compensation Analyst,5
381,Male,Music,2012-09-09,133007,Software Test Engineer I,7
382,Female,Home,2012-08-10,92879,Nurse,2
383,Male,Clothing,2002-12-10,104079,Systems Administrator IV,4
384,Female,Beauty,2005-11-01,63918,Structural Engineer,4
385,Female,Automotive,2011-05-02,128885,Office Assistant III,5
386,Male,Games,2011-02-27,140567,Research Associate,2
387,Female,Garden,2003-08-09,95726,Registered Nurse,4
388,Female,Music,2008-01-24,84261,Senior Editor,5
389,Male,Baby,2013-06-22,42924,Marketing Assistant,2
390,Male,Computers,2008-09-14,86670,Web Designer II,2
391,Female,Clothing,2003-11-04,147702,VP Quality Control,4
392,Female,Beauty,2013-02-02,132470,Database Administrator II,6
393,Female,Music,2000-09-11,63341,Research Associate,7
394,Female,Beauty,2002-10-23,91651,Staff Accountant III,4
395,Male,Baby,2013-09-11,48927,Sales Representative,6
396,Female,Kids,2013-11-17,143433,Web Developer II,1
397,Male,Toys,2006-10-02,81998,Product Engineer,5
398,Female,Home,2001-05-08,68584,Quality Engineer,2
399,Female,Computers,2009-07-04,88216,Accountant III,3
400,Male,Health,2011-12-24,86046,Nuclear Power Engineer,5
401,Female,Outdoors,2008-03-05,148906,Project Manager,5
402,Female,Clothing,2007-11-10,93266,Recruiter,7
403,Female,Home,2002-03-09,69702,Food Chemist,1
404,Female,Outdoors,2010-12-28,43366,Administrative Assistant IV,4
405,Male,Industrial,2005-05-19,101945,Web Developer I,2
406,Male,Toys,2003-02-01,54007,Geological Engineer,5
407,Male,Baby,2013-04-09,54704,Analog Circuit Design manager,3
408,Female,Computers,2007-11-13,93954,Project Manager,5
409,Female,Home,2007-04-22,58235,Analog Circuit Design manager,6
410,Female,Tools,2012-01-07,148940,Senior Financial Analyst,6
411,Male,Kids,2003-04-09,110615,Paralegal,6
412,Male,Jewelery,2012-01-14,94596,Web Developer I,1
413,Female,Health,2008-09-19,94502,Executive Secretary,1
414,Male,Games,2011-08-10,72505,Registered Nurse,3
415,Male,Toys,2001-06-18,147150,Analog Circuit Design manager,6
416,Female,Beauty,2002-02-09,66313,Food Chemist,5
417,Male,Electronics,2002-11-04,97372,Systems Administrator I,6
418,Female,Home,2013-10-02,149598,VP Product Management,3
419,Male,Health,2008-02-22,104224,Clinical Specialist,5
420,Female,Tools,2007-09-24,95583,Civil Engineer,2
421,Female,Music,2001-01-05,92043,Assistant Manager,3
422,Female,Computers,2009-09-17,118307,Staff Accountant II,1
423,Female,Jewelery,2011-05-11,145281,VP Accounting,4
424,Female,Home,2013-08-20,148640,Internal Auditor,4
425,Female,Computers,2000-09-07,125523,Financial Advisor,7
426,Male,Kids,2009-01-12,49503,Occupational Therapist,5
427,Female,Sports,2000-09-10,146611,Systems Administrator III,7
428,Female,Sports,2012-02-08,125465,Teacher,1
429,Female,Clothing,2003-01-23,75024,Structural Analysis Engineer,6
430,Male,Sports,2011-10-25,60793,Registered Nurse,7
431,Female,Tools,2010-06-06,110744,Accountant I,2
432,Female,Jewelery,2006-08-21,46653,Registered Nurse,4
433,Male,Games,2014-05-04,114919,Database Administrator III,7
434,Female,Computers,2000-07-24,98733,Payment Adjustment Coordinator,4
435,Female,Health,2008-08-23,139775,Chemical Engineer,1
436,Female,Jewelery,2005-05-10,69559,Programmer Analyst III,3
437,Male,Movies,2007-07-10,48934,Electrical Engineer,6
438,Male,Grocery,2014-04-25,79980,Recruiter,5
439,Male,Clothing,2002-04-01,108854,Senior Editor,4
440,Male,Books,2007-01-23,128105,Help Desk Technician,7
441,Male,Books,2008-06-10,71676,GIS Technical Architect,4
442,Female,Music,2007-09-11,139347,Data Coordiator,1
443,Female,Industrial,2002-02-28,80491,GIS Technical Architect,7
444,Female,Tools,2010-12-30,119385,Assistant Media Planner,4
445,Male,Toys,2002-03-23,149835,Geologist III,1
446,Female,Health,2008-12-02,80137,Business Systems Development Analyst,2
447,Male,Home,2000-08-25,79724,Developer IV,7
448,Male,Books,2009-06-25,102458,Occupational Therapist,1
449,Female,Clothing,2014-04-20,134205,Biostatistician I,4
450,Female,Beauty,2004-05-21,76052,Technical Writer,5
451,Female,Music,2004-11-17,144608,Research Associate,4
452,Female,Toys,2000-05-10,111072,Senior Quality Engineer,4
453,Male,Automotive,2010-01-24,126485,Computer Systems Analyst I,6
454,Female,Baby,2006-09-22,96388,Graphic Designer,6
455,Female,Automotive,2002-06-13,115506,Product Engineer,2
456,Female,Industrial,2012-03-10,115679,Editor,2
457,Female,Jewelery,2001-12-11,133040,Research Associate,6
458,Female,Movies,2000-05-14,91660,Research Assistant I,5
459,Female,Computers,2009-09-20,136406,Chemical Engineer,7
460,Male,Automotive,2005-04-28,146167,Assistant Professor,5
461,Female,Books,2003-04-04,94299,Media Manager III,4
462,Male,Industrial,2004-07-31,56382,Executive Secretary,3
463,Male,Tools,2010-12-21,120160,Database Administrator II,3
464,Female,Shoes,2008-04-23,77060,Marketing Manager,3
465,Male,Computers,2007-10-17,122540,Administrative Officer,2
466,Female,Games,2008-05-29,128562,Senior Developer,7
467,Female,Sports,2002-03-15,60674,Software Engineer I,3
468,Male,Jewelery,2005-04-16,93609,Environmental Specialist,6
469,Female,Kids,2010-08-08,97913,Occupational Therapist,3
470,Female,Grocery,2005-08-13,108380,Data Coordiator,5
471,Female,Baby,2007-11-16,50448,Database Administrator III,4
472,Female,Books,2012-02-25,133781,Office Assistant I,4
473,Female,Books,2009-11-14,90409,Research Assistant II,3
474,Male,Garden,2004-01-07,144953,Registered Nurse,7
475,Male,Outdoors,2001-12-22,46072,Nurse,2
476,Male,Books,2012-02-01,119602,Actuary,5
477,Male,Computers,2010-10-17,122231,Director of Sales,5
478,Male,Sports,2003-04-16,147166,Systems Administrator I,6
479,Male,Grocery,2009-09-08,56465,Programmer IV,6
480,Male,Electronics,2001-02-07,78158,Programmer Analyst I,5
481,Male,Jewelery,2013-06-05,62815,Compensation Analyst,4
482,Male,Toys,2007-06-10,126468,Budget/Accounting Analyst III,4
483,Female,Beauty,2012-05-10,79419,Senior Developer,3
484,Male,Computers,2009-03-23,83093,Registered Nurse,1
485,Female,Kids,2014-11-03,90797,Help Desk Operator,1
486,Female,Kids,2008-07-06,78755,Desktop Support Technician,5
487,Female,Kids,2003-04-18,128726,Business Systems Development Analyst,3
488,Male,Music,2011-12-15,69026,Nuclear Power Engineer,6
489,Female,Garden,2014-01-16,78109,Research Nurse,5
490,Male,Movies,2000-04-08,116480,Nurse Practicioner,5
491,Female,Toys,2004-06-13,108444,Environmental Tech,7
492,Male,Computers,2010-02-08,106535,Staff Scientist,1
493,Male,Computers,2008-06-24,137025,Research Nurse,5
494,Male,Industrial,2005-03-03,71663,Analog Circuit Design manager,3
495,Female,Books,2004-10-08,80073,Senior Developer,3
496,Male,Beauty,2008-03-14,40254,Quality Control Specialist,5
497,Female,Grocery,2011-03-10,80027,VP Sales,3
498,Female,Garden,2001-08-22,106994,Technical Writer,3
499,Male,Toys,2001-04-29,145559,Office Assistant III,2
500,Male,Industrial,2001-03-21,91994,Actuary,5
501,Male,Music,2001-08-05,138540,Geologist IV,7
502,Female,Computers,2010-10-17,136034,Product Engineer,4
503,Female,Baby,2004-01-19,127291,Accounting Assistant III,7
504,Male,Industrial,2000-03-19,131283,Staff Scientist,4
505,Male,Computers,2005-06-20,122108,Analog Circuit Design manager,7
506,Female,Home,2008-01-01,49048,Sales Associate,1
507,Female,Baby,2012-11-01,97427,Occupational Therapist,6
508,Male,Computers,2007-05-14,90960,Software Test Engineer II,7
509,Male,Health,2011-12-30,43986,Geologist IV,3
510,Male,Outdoors,2014-11-21,108748,Senior Editor,4
511,Female,Industrial,2006-12-03,102149,Sales Representative,5
512,Male,Outdoors,2008-06-13,133360,Research Nurse,7
513,Female,Garden,2004-07-09,70814,Account Representative I,4
514,Male,Grocery,2010-12-18,132037,Web Developer IV,6
515,Male,Clothing,2002-05-01,55747,Human Resources Assistant I,1
516,Female,Toys,2006-06-09,89324,Systems Administrator IV,3
517,Male,Computers,2011-02-08,124418,Chief Design Engineer,7
518,Female,Grocery,2005-12-25,138093,Human Resources Assistant I,3
519,Male,Electronics,2003-08-26,141340,Budget/Accounting Analyst III,4
520,Male,Industrial,2006-06-02,54672,Structural Engineer,4
521,Male,Clothing,2003-10-06,118602,Director of Sales,5
522,Male,Jewelery,2000-02-04,97745,Electrical Engineer,7
523,Female,Health,2012-06-10,143855,Internal Auditor,5
524,Female,Health,2009-06-15,43431,Physical Therapy Assistant,6
525,Female,Tools,2002-03-01,94016,VP Quality Control,2
526,Female,Baby,2011-09-09,66847,Assistant Media Planner,2
527,Male,Clothing,2005-04-20,69705,Senior Developer,3
528,Male,Sports,2012-02-08,96739,Product Engineer,2
529,Female,Garden,2006-09-01,52956,Senior Developer,3
530,Female,Computers,2012-12-14,71559,Librarian,1
531,Male,Home,2010-11-17,143226,Food Chemist,7
532,Male,Books,2011-02-14,145747,Financial Advisor,3
533,Female,Industrial,2013-10-15,72001,Automation Specialist IV,2
534,Female,Music,2000-09-20,50308,Compensation Analyst,6
535,Female,Home,2007-07-25,131662,Help Desk Operator,3
536,Female,Kids,2011-05-19,55730,Speech Pathologist,7
537,Female,Games,2005-02-12,63836,Occupational Therapist,1
538,Male,Shoes,2005-10-24,121296,Civil Engineer,2
539,Male,Movies,2012-03-20,110660,Senior Financial Analyst,4
540,Male,Games,2001-12-19,89114,GIS Technical Architect,5
541,Female,Music,2007-08-28,48769,Nurse,5
542,Male,Music,2008-02-01,90069,Assistant Professor,5
543,Female,Home,2013-09-07,120085,Human Resources Assistant III,6
544,Female,Electronics,2007-11-15,41697,Automation Specialist I,7
545,Male,Kids,2009-05-04,44093,Health Coach IV,5
546,Female,Jewelery,2006-11-01,59294,Senior Editor,6
547,Male,Industrial,2013-08-21,140858,Cost Accountant,7
548,Female,Toys,2009-01-10,46444,Desktop Support Technician,6
549,Female,Books,2012-09-26,85855,Financial Advisor,4
550,Male,Shoes,2000-05-01,72334,Developer IV,3
551,Male,Music,2011-10-04,69246,Web Developer III,6
552,Male,Beauty,2011-03-18,107389,Community Outreach Specialist,2
553,Male,Automotive,2009-12-16,141505,Associate Professor,6
554,Male,Toys,2008-01-06,60318,Engineer I,5
555,Female,Outdoors,2014-06-12,148260,Executive Secretary,7
556,Female,Electronics,2006-12-20,73199,Payment Adjustment Coordinator,2
557,Male,Kids,2002-08-26,111244,Environmental Specialist,6
558,Male,Baby,2012-03-21,103845,Nurse Practicioner,1
559,Female,Computers,2008-10-19,88666,Senior Editor,7
560,Male,Clothing,2014-01-22,67845,Administrative Officer,7
561,Male,Sports,2004-04-08,62527,Recruiter,1
562,Male,Tools,2003-05-17,73412,Librarian,5
563,Male,Beauty,2011-04-21,123391,Financial Advisor,7
564,Female,Health,2005-02-23,99508,VP Quality Control,5
565,Female,Jewelery,2014-04-17,55726,Geologist III,7
566,Male,Electronics,2011-12-10,67140,Systems Administrator III,3
567,Female,Home,2010-05-27,139060,Assistant Professor,7
568,Male,Home,2004-07-20,135993,Geologist IV,4
569,Female,Books,2010-11-12,80788,Programmer I,4
570,Female,Clothing,2001-03-21,136377,Software Engineer I,7
571,Female,Electronics,2009-06-19,46247,VP Accounting,3
572,Male,Automotive,2014-03-17,45774,Electrical Engineer,2
573,Female,Sports,2010-04-23,100741,Senior Cost Accountant,1
574,Male,Grocery,2005-09-20,45534,Senior Sales Associate,1
575,Male,Games,2002-04-26,75399,VP Quality Control,7
576,Male,Clothing,2006-07-13,50235,Assistant Media Planner,1
577,Male,Baby,2011-01-27,128048,Programmer III,5
578,Male,Clothing,2006-05-02,111318,Technical Writer,3
579,Female,Garden,2000-12-23,100763,Database Administrator I,7
580,Male,Computers,2012-05-23,54231,Accounting Assistant II,3
581,Female,Sports,2010-03-25,92334,GIS Technical Architect,3
582,Male,Jewelery,2005-03-16,58111,Research Associate,5
583,Female,Shoes,2000-12-12,112048,Software Engineer II,5
584,Female,Music,2008-05-13,109404,Chief Design Engineer,6
585,Male,Garden,2007-07-19,138776,Senior Editor,2
586,Female,Home,2003-07-01,110411,Compensation Analyst,3
587,Female,Toys,2002-09-07,74973,General Manager,7
588,Female,Tools,2002-10-15,129890,Software Consultant,4
589,Male,Movies,2005-01-27,135786,Account Representative I,7
590,Female,Grocery,2007-06-15,132998,Business Systems Development Analyst,3
591,Female,Baby,2014-02-28,84318,Software Test Engineer I,2
592,Male,Shoes,2004-04-11,110407,Sales Associate,5
593,Female,Home,2000-06-15,94980,Financial Advisor,4
594,Female,Industrial,2004-03-07,125843,Web Designer II,4
595,Female,Grocery,2000-01-27,66180,Staff Scientist,5
596,Female,Jewelery,2014-11-27,88854,Account Representative I,4
597,Female,Beauty,2004-02-10,71448,Electrical Engineer,1
598,Female,Sports,2002-11-02,60547,Community Outreach Specialist,2
599,Female,Outdoors,2010-11-21,128805,Occupational Therapist,5
600,Female,Outdoors,2006-05-11,96782,Database Administrator II,5
601,Male,Health,2001-03-12,125944,Office Assistant II,2
602,Male,Tools,2011-09-17,101937,Teacher,7
603,Male,Jewelery,2000-12-06,127569,Analyst Programmer,7
604,Male,Clothing,2004-06-30,104517,Research Assistant III,2
605,Female,Grocery,2010-12-11,110366,Research Nurse,6
606,Female,Industrial,2003-02-08,136917,Assistant Professor,4
607,Male,Sports,2007-07-21,130563,Nuclear Power Engineer,7
608,Male,Health,2004-11-13,73553,Accountant IV,6
609,Male,Electronics,2007-01-21,93995,Teacher,2
610,Male,Health,2009-08-23,45270,VP Marketing,7
611,Female,Shoes,2009-10-29,147739,Safety Technician I,5
612,Female,Health,2003-09-10,142211,Software Test Engineer IV,4
613,Female,Beauty,2006-09-26,48791,Teacher,1
614,Female,Electronics,2008-11-02,112929,Account Coordinator,5
615,Female,Clothing,2009-12-25,72854,Marketing Assistant,7
616,Female,Automotive,2006-10-10,47281,VP Sales,6
617,Female,Health,2013-06-12,49410,Account Representative II,1
618,Male,Clothing,2001-06-07,128205,Sales Representative,6
619,Male,Tools,2014-06-02,133190,Research Nurse,7
620,Female,Books,2009-08-14,59644,Systems Administrator III,1
621,Male,Kids,2004-10-31,111427,Programmer I,4
622,Male,Electronics,2002-03-15,98339,Assistant Manager,3
623,Male,Beauty,2006-02-27,72948,Teacher,6
624,Male,Books,2008-11-26,60203,Product Engineer,2
625,Female,Outdoors,2007-12-02,147003,Chemical Engineer,1
626,Female,Garden,2009-01-12,83706,Assistant Media Planner,2
627,Female,Grocery,2000-01-21,80245,VP Product Management,6
628,Male,Jewelery,2008-08-11,65110,Compensation Analyst,5
629,Male,Jewelery,2011-07-29,128617,Senior Editor,4
630,Male,Outdoors,2002-02-09,96107,Actuary,5
631,Female,Tools,2014-06-14,44788,Project Manager,2
632,Female,Garden,2004-01-01,86207,Accountant II,4
633,Male,Shoes,2000-10-25,79845,Teacher,1
634,Female,Outdoors,2011-04-06,104264,Staff Scientist,6
635,Female,Tools,2010-12-27,77005,Systems Administrator IV,1
636,Female,Industrial,2011-09-25,69564,Senior Editor,6
637,Female,Shoes,2007-07-25,84549,Senior Cost Accountant,5
638,Male,Games,2006-06-09,134488,Software Consultant,1
639,Male,Shoes,2007-02-13,140243,Financial Advisor,5
640,Male,Jewelery,2003-02-22,44096,Geologist IV,4
641,Female,Health,2010-04-07,69454,Web Designer II,1
642,Female,Movies,2009-05-15,126201,Electrical Engineer,2
643,Male,Jewelery,2014-03-21,123820,Computer Systems Analyst IV,4
644,Male,Grocery,2002-04-06,52956,Compensation Analyst,7
645,Male,Tools,2007-06-01,143595,Geological Engineer,6
646,Male,Beauty,2014-08-14,124707,Registered Nurse,6
647,Male,Electronics,2009-10-15,57092,Internal Auditor,2
648,Male,Beauty,2007-02-12,149099,Executive Secretary,3
649,Male,Shoes,2007-11-18,99352,Recruiting Manager,1
650,Male,Grocery,2013-01-22,44919,Quality Engineer,7
651,Female,Health,2006-08-28,55034,Administrative Officer,4
652,Male,Jewelery,2006-06-16,60396,Senior Quality Engineer,7
653,Male,Toys,2013-07-06,147862,Chemical Engineer,5
654,Male,Automotive,2002-11-03,69594,Recruiting Manager,3
655,Female,Sports,2014-06-08,145363,GIS Technical Architect,3
656,Male,Books,2008-04-03,70804,Quality Engineer,2
657,Female,Clothing,2013-06-29,65154,Sales Representative,5
658,Male,Electronics,2013-10-08,61332,Marketing Assistant,3
659,Female,Outdoors,2003-09-07,72319,Quality Control Specialist,1
660,Male,Shoes,2001-12-08,139564,Pharmacist,7
661,Female,Automotive,2004-09-21,63364,Community Outreach Specialist,4
662,Male,Baby,2000-01-18,86497,Administrative Officer,6
663,Female,Outdoors,2003-01-25,117248,Staff Accountant III,1
664,Female,Sports,2013-02-09,133507,Budget/Accounting Analyst II,1
665,Female,Health,2008-11-04,135132,Research Assistant III,7
666,Female,Shoes,2013-04-22,52041,Database Administrator I,2
667,Female,Music,2012-03-12,73425,Human Resources Manager,3
668,Female,Computers,2001-03-17,46960,Financial Advisor,4
669,Male,Toys,2001-05-06,104373,Graphic Designer,6
670,Female,Shoes,2014-09-17,102493,Senior Quality Engineer,5
671,Male,Shoes,2007-12-11,55568,Senior Cost Accountant,7
672,Male,Sports,2006-05-05,75159,Biostatistician III,2
673,Male,Health,2014-10-27,51782,Operator,6
674,Male,Toys,2009-08-28,41855,Payment Adjustment Coordinator,7
675,Male,Games,2005-06-22,143846,Web Developer III,3
676,Male,Music,2013-09-29,101756,Programmer IV,5
677,Male,Computers,2014-08-04,136492,Compensation Analyst,4
678,Male,Music,2011-04-17,82979,Senior Quality Engineer,6
679,Male,Electronics,2014-05-15,40218,Paralegal,2
680,Female,Games,2001-12-09,60695,Chemical Engineer,2
681,Male,Home,2008-11-30,47994,Senior Quality Engineer,4
682,Male,Garden,2004-09-03,50057,Account Executive,2
683,Female,Games,2006-03-11,135886,Assistant Media Planner,3
684,Male,Jewelery,2009-07-15,77924,Senior Sales Associate,7
685,Female,Beauty,2008-12-07,136356,Office Assistant IV,1
686,Male,Toys,2004-03-24,104444,Business Systems Development Analyst,2
687,Female,Computers,2000-12-03,49693,Chemical Engineer,2
688,Male,Home,2012-06-29,90829,Recruiter,6
689,Female,Electronics,2007-10-31,62293,Administrative Officer,4
690,Male,Music,2000-05-09,57988,Web Developer I,4
691,Female,Beauty,2010-02-04,113893,Clinical Specialist,7
692,Male,Shoes,2013-03-11,58265,Nurse Practicioner,3
693,Male,Garden,2005-01-17,143570,Actuary,4
694,Female,Grocery,2007-04-19,116894,Chief Design Engineer,6
695,Female,Automotive,2006-01-24,82244,Administrative Assistant III,2
696,Male,Games,2012-10-07,92640,Executive Secretary,7
697,Male,Beauty,2000-06-23,123995,Assistant Media Planner,5
698,Male,Garden,2005-12-12,97351,Health Coach I,4
699,Female,Clothing,2003-01-25,133091,VP Accounting,7
700,Male,Garden,2004-07-15,100746,VP Quality Control,6
701,Male,Jewelery,2002-10-13,101599,Developer II,7
702,Male,Sports,2014-06-02,77293,Structural Analysis Engineer,5
703,Female,Games,2014-03-04,119787,Speech Pathologist,1
704,Male,Computers,2013-06-12,114690,Staff Scientist,2
705,Male,Movies,2009-10-25,97150,VP Accounting,6
706,Female,Home,2011-12-05,91655,Cost Accountant,5
707,Male,Industrial,2006-11-08,124296,Developer III,1
708,Female,Automotive,2011-12-24,66063,Software Test Engineer I,7
709,Female,Books,2007-01-12,138137,Developer IV,2
710,Female,Music,2005-01-22,49326,Chemical Engineer,7
711,Male,Clothing,2009-08-21,80743,Geological Engineer,4
712,Male,Jewelery,2007-12-23,105686,Senior Developer,6
713,Female,Sports,2013-12-23,65650,Project Manager,1
714,Male,Games,2003-09-26,86446,Statistician II,4
715,Female,Games,2010-06-26,132421,Human Resources Manager,1
716,Male,Electronics,2004-06-18,69855,Payment Adjustment Coordinator,4
717,Female,Outdoors,2007-07-08,80999,Staff Accountant II,6
718,Male,Health,2003-01-03,66447,Account Coordinator,2
719,Male,Beauty,2013-01-04,135445,Operator,2
720,Female,Jewelery,2010-11-08,57781,Dental Hygienist,4
721,Female,Health,2005-09-21,83802,Research Assistant II,7
722,Female,Clothing,2002-08-31,73262,Information Systems Manager,5
723,Female,Baby,2002-03-03,89035,Senior Editor,5
724,Male,Industrial,2001-05-20,125115,Senior Quality Engineer,3
725,Male,Baby,2003-10-02,80939,Analyst Programmer,1
726,Male,Home,2008-09-11,49463,Research Nurse,1
727,Male,Movies,2012-05-21,83165,Account Representative I,5
728,Female,Outdoors,2006-04-21,125574,Research Associate,1
729,Male,Jewelery,2013-11-15,119747,Graphic Designer,5
730,Female,Sports,2008-11-24,57651,Help Desk Operator,6
731,Female,Home,2009-06-28,70524,VP Accounting,2
732,Male,Clothing,2004-08-15,50511,Senior Cost Accountant,3
733,Male,Home,2000-11-20,58847,Community Outreach Specialist,4
734,Female,Automotive,2005-02-20,58555,Biostatistician I,2
735,Male,Clothing,2014-11-14,116333,Legal Assistant,5
736,Male,Baby,2009-08-27,80813,Senior Quality Engineer,6
737,Male,Health,2004-07-26,142794,Recruiting Manager,1
738,Female,Computers,2003-01-04,65083,Marketing Assistant,6
739,Female,Baby,2014-03-13,125398,Assistant Professor,2
740,Female,Kids,2008-01-13,98502,Structural Analysis Engineer,7
741,Female,Shoes,2002-12-31,90086,Research Associate,4
742,Male,Sports,2007-12-03,77382,Design Engineer,6
743,Female,Electronics,2014-12-23,113278,Statistician IV,2
744,Male,Automotive,2001-09-18,129324,Developer I,4
745,Female,Outdoors,2005-11-21,108504,Pharmacist,1
746,Male,Industrial,2001-10-04,145283,Payment Adjustment Coordinator,1
747,Male,Kids,2006-07-30,82674,Junior Executive,4
748,Male,Clothing,2009-12-09,119097,Administrative Assistant I,2
749,Female,Jewelery,2012-09-05,60498,Accountant I,4
750,Male,Music,2014-07-16,108228,VP Sales,3
751,Male,Electronics,2005-05-07,106602,Occupational Therapist,2
752,Female,Home,2011-01-24,95810,Food Chemist,4
753,Female,Electronics,2005-02-05,149597,Structural Analysis Engineer,1
754,Female,Electronics,2000-03-17,57331,Occupational Therapist,3
755,Male,Industrial,2011-08-17,49113,Business Systems Development Analyst,7
756,Female,Grocery,2005-07-17,80417,Assistant Media Planner,7
757,Male,Games,2012-04-05,122595,Automation Specialist I,6
758,Male,Toys,2013-10-23,126661,Systems Administrator I,2
759,Male,Garden,2000-04-02,127695,Systems Administrator I,7
760,Male,Baby,2008-07-24,66608,General Manager,1
761,Female,Home,2014-12-14,106033,Quality Control Specialist,1
762,Male,Electronics,2013-08-09,103237,Account Executive,7
763,Male,Computers,2002-04-22,122843,Accountant IV,2
764,Female,Music,2004-07-06,51771,Accountant III,3
765,Male,Tools,2009-11-07,107709,Nuclear Power Engineer,1
766,Male,Books,2009-12-18,104149,Food Chemist,2
767,Male,Books,2004-08-02,91501,Editor,7
768,Female,Automotive,2014-07-24,42602,Programmer IV,2
769,Female,Kids,2013-11-24,132676,Dental Hygienist,4
770,Female,Games,2006-05-04,140688,Programmer Analyst III,3
771,Female,Garden,2014-09-09,51792,Software Consultant,4
772,Male,Movies,2004-10-13,100570,Senior Financial Analyst,5
773,Male,Tools,2007-07-02,60383,VP Product Management,1
774,Male,Shoes,2006-03-21,68761,Graphic Designer,1
775,Female,Tools,2009-10-14,131830,GIS Technical Architect,2
776,Female,Clothing,2013-09-27,107535,Office Assistant III,7
777,Male,Industrial,2001-11-15,95548,Sales Associate,3
778,Male,Automotive,2013-05-16,116487,Graphic Designer,1
779,Male,Grocery,2005-02-03,148106,Sales Representative,2
780,Male,Games,2007-04-04,135719,Database Administrator I,5
781,Female,Automotive,2010-04-04,121300,Human Resources Assistant II,5
782,Male,Movies,2011-11-09,120226,Software Engineer II,4
783,Male,Automotive,2004-08-13,44377,Technical Writer,4
784,Male,Electronics,2008-02-15,102001,Developer III,4
785,Male,Music,2009-03-10,99151,Information Systems Manager,1
786,Male,Garden,2000-10-08,123427,General Manager,4
787,Female,Tools,2003-03-09,135695,Budget/Accounting Analyst III,6
788,Female,Toys,2004-04-29,102793,Editor,4
789,Male,Clothing,2005-03-20,130188,Structural Analysis Engineer,1
790,Female,Home,2013-04-25,97607,Accountant IV,3
791,Female,Sports,2013-12-11,93534,Health Coach IV,1
792,Male,Industrial,2007-09-20,95787,Engineer IV,2
793,Female,Games,2011-04-16,120086,Professor,6
794,Female,Outdoors,2009-01-01,119414,Research Assistant II,1
795,Female,Garden,2008-09-12,79952,Compensation Analyst,4
796,Male,Beauty,2004-08-17,138682,Analyst Programmer,7
797,Female,Health,2003-05-20,49667,Help Desk Technician,6
798,Male,Garden,2008-07-13,83798,Technical Writer,5
799,Female,Clothing,2013-03-09,146024,Actuary,7
800,Male,Outdoors,2000-09-08,144841,Web Developer I,4
801,Female,Movies,2012-09-20,101582,Biostatistician II,7
802,Female,Movies,2006-05-30,100716,Help Desk Operator,3
803,Female,Beauty,2011-03-16,72016,Computer Systems Analyst I,4
804,Female,Books,2005-07-31,123156,Social Worker,1
805,Male,Baby,2014-08-13,110058,Business Systems Development Analyst,1
806,Male,Shoes,2011-12-15,117092,VP Product Management,5
807,Male,Industrial,2005-12-15,148816,Operator,4
808,Female,Games,2009-04-14,79031,Electrical Engineer,3
809,Male,Automotive,2006-08-09,128448,Technical Writer,3
810,Female,Health,2013-01-07,138478,Software Test Engineer IV,4
811,Male,Jewelery,2010-10-08,41026,Professor,1
812,Male,Beauty,2006-09-25,131816,Sales Representative,1
813,Female,Grocery,2013-11-11,85647,Speech Pathologist,6
814,Male,Jewelery,2000-02-28,49457,Compensation Analyst,4
815,Female,Garden,2014-10-01,80763,Community Outreach Specialist,3
816,Female,Beauty,2013-12-29,107093,Electrical Engineer,3
817,Male,Baby,2008-01-15,138970,Structural Analysis Engineer,7
818,Female,Movies,2002-04-05,82077,Data Coordiator,4
819,Male,Industrial,2014-12-06,83237,Editor,4
820,Male,Toys,2002-01-20,107749,Graphic Designer,2
821,Male,Jewelery,2012-06-19,149114,Business Systems Development Analyst,7
822,Male,Health,2007-08-09,107240,Financial Analyst,4
823,Female,Baby,2008-05-30,134334,Accountant II,7
824,Male,Grocery,2002-09-26,72008,GIS Technical Architect,2
825,Male,Books,2000-04-03,89285,Community Outreach Specialist,5
826,Female,Grocery,2003-08-10,131075,Help Desk Operator,2
827,Male,Baby,2009-05-07,110383,Chief Design Engineer,4
828,Female,Tools,2005-07-18,149586,Account Coordinator,1
829,Male,Health,2002-11-27,89503,Research Associate,2
830,Female,Computers,2010-03-14,149336,Senior Sales Associate,1
831,Female,Outdoors,2006-08-30,140276,Electrical Engineer,5
832,Female,Games,2001-04-08,127875,Accountant III,7
833,Female,Music,2009-05-29,137704,Help Desk Technician,4
834,Female,Games,2013-01-17,149221,Senior Financial Analyst,2
835,Male,Baby,2014-06-04,148573,Nurse Practicioner,4
836,Female,Games,2002-09-20,125378,Senior Developer,4
837,Female,Jewelery,2006-09-12,66420,Clinical Specialist,7
838,Male,Toys,2008-09-28,117171,Electrical Engineer,4
839,Female,Health,2008-10-23,145962,Cost Accountant,3
840,Male,Books,2001-10-19,73778,Sales Representative,2
841,Male,Kids,2008-03-04,76731,Accounting Assistant II,2
842,Female,Beauty,2008-07-13,101653,Web Designer II,6
843,Male,Garden,2001-01-11,62534,Senior Editor,3
844,Male,Outdoors,2013-04-30,100428,Web Designer I,3
845,Male,Kids,2001-12-02,109828,VP Quality Control,6
846,Female,Jewelery,2001-03-21,63133,Clinical Specialist,5
847,Female,Clothing,2008-03-22,91532,Operator,4
848,Female,Shoes,2005-01-26,101646,Environmental Tech,1
849,Male,Grocery,2002-08-02,68034,Senior Financial Analyst,4
850,Male,Kids,2012-04-04,55214,Senior Quality Engineer,2
851,Female,Automotive,2002-12-29,136448,Media Manager II,4
852,Male,Shoes,2010-05-01,76086,Statistician I,7
853,Male,Beauty,2013-08-03,128947,Help Desk Operator,5
854,Male,Tools,2006-10-14,113354,VP Quality Control,4
855,Male,Garden,2012-05-21,75125,VP Marketing,7
856,Female,Clothing,2004-02-21,139714,Help Desk Operator,2
857,Male,Toys,2003-10-20,43537,Help Desk Operator,4
858,Female,Automotive,2001-11-23,127521,Nurse,4
859,Male,Health,2007-02-19,112510,Information Systems Manager,4
860,Male,Sports,2004-12-26,115009,Structural Engineer,4
861,Female,Electronics,2013-05-01,64381,Professor,7
862,Female,Grocery,2001-02-10,149929,Director of Sales,6
863,Female,Automotive,2001-09-07,101006,Sales Associate,2
864,Female,Beauty,2013-09-01,47716,Quality Engineer,2
865,Female,Sports,2008-12-29,126420,Structural Analysis Engineer,6
866,Female,Sports,2011-09-01,55265,Paralegal,1
867,Female,Books,2012-03-18,95679,Associate Professor,3
868,Male,Movies,2003-01-24,52612,Analyst Programmer,7
869,Female,Shoes,2010-12-10,130849,Desktop Support Technician,5
870,Male,Outdoors,2006-08-21,141753,Assistant Professor,3
871,Male,Health,2007-08-27,133492,Accountant II,3
872,Male,Kids,2004-12-28,112126,Information Systems Manager,3
873,Female,Toys,2006-07-05,140078,Environmental Specialist,3
874,Male,Books,2012-09-29,119769,Director of Sales,2
875,Female,Health,2007-02-15,115911,Civil Engineer,7
876,Male,Shoes,2003-12-22,75676,Recruiting Manager,3
877,Male,Outdoors,2005-04-13,144932,Marketing Assistant,4
878,Male,Industrial,2010-10-25,80102,Graphic Designer,2
879,Male,Tools,2011-10-03,144661,Registered Nurse,3
880,Female,Music,2001-09-26,60268,Registered Nurse,3
881,Female,Tools,2014-09-10,94072,Social Worker,3
882,Male,Shoes,2006-02-23,85249,Engineer I,2
883,Male,Grocery,2007-10-12,66059,Software Test Engineer IV,5
884,Female,Electronics,2005-11-26,80931,Cost Accountant,1
885,Female,Toys,2011-09-17,118793,Research Assistant III,3
886,Female,Baby,2014-09-26,62114,Analyst Programmer,7
887,Male,Beauty,2014-05-03,131811,Social Worker,4
888,Female,Outdoors,2007-09-30,143034,Budget/Accounting Analyst III,3
889,Male,Games,2013-05-07,41516,Nurse,1
890,Female,Baby,2012-11-26,72534,Account Executive,4
891,Male,Baby,2011-06-09,140004,Design Engineer,7
892,Male,Beauty,2004-06-23,114436,Account Representative IV,5
893,Male,Grocery,2009-03-31,68684,Staff Scientist,3
894,Male,Automotive,2000-09-18,135326,Graphic Designer,1
895,Male,Industrial,2014-02-23,40194,Environmental Specialist,5
896,Female,Home,2010-10-28,134813,Health Coach I,7
897,Male,Beauty,2002-03-09,79718,Marketing Manager,4
898,Female,Industrial,2010-12-09,115085,Senior Quality Engineer,7
899,Female,Shoes,2005-03-05,67758,Chemical Engineer,2
900,Male,Toys,2012-02-23,115776,Database Administrator I,2
901,Male,Books,2013-12-15,146701,Research Assistant II,7
902,Male,Shoes,2011-12-16,109233,Mechanical Systems Engineer,4
903,Female,Outdoors,2007-01-07,113654,Health Coach IV,1
904,Female,Tools,2004-08-25,90937,Cost Accountant,6
905,Male,Automotive,2007-10-10,111689,GIS Technical Architect,5
906,Male,Electronics,2014-04-18,110881,Electrical Engineer,1
907,Female,Tools,2009-09-22,104326,Assistant Manager,5
908,Female,Electronics,2003-11-27,144767,Executive Secretary,5
909,Male,Automotive,2009-12-26,111041,Research Assistant II,6
910,Female,Garden,2005-12-21,148860,Product Engineer,4
911,Male,Automotive,2002-01-20,53964,Pharmacist,1
912,Female,Beauty,2007-03-01,131152,Database Administrator IV,2
913,Female,Clothing,2012-02-20,116266,Marketing Assistant,6
914,Female,Beauty,2006-06-07,143853,Design Engineer,2
915,Male,Tools,2010-05-26,92561,Senior Sales Associate,1
916,Female,Grocery,2006-08-10,45486,GIS Technical Architect,1
917,Male,Beauty,2004-12-11,95424,VP Product Management,2
918,Female,Baby,2004-09-30,73905,Design Engineer,7
919,Female,Movies,2010-12-18,53798,Mechanical Systems Engineer,1
920,Female,Tools,2010-05-02,116766,Account Representative IV,4
921,Female,Beauty,2013-06-23,142101,Paralegal,2
922,Female,Beauty,2000-04-19,41299,Computer Systems Analyst IV,5
923,Male,Grocery,2003-01-07,122130,Project Manager,1
924,Male,Beauty,2003-03-06,122446,Systems Administrator II,6
925,Female,Garden,2011-10-03,127367,Recruiting Manager,4
926,Male,Toys,2014-04-01,50161,Account Executive,3
927,Male,Music,2003-11-10,82080,Analog Circuit Design manager,2
928,Female,Kids,2009-12-21,62799,Operator,1
929,Female,Clothing,2003-08-08,66357,Cost Accountant,3
930,Female,Garden,2013-04-26,129746,Geological Engineer,1
931,Female,Toys,2004-08-24,63682,Recruiting Manager,5
932,Female,Garden,2009-05-27,134114,Accounting Assistant IV,2
933,Male,Baby,2014-03-23,131273,Web Developer IV,6
934,Male,Toys,2005-09-22,93714,Social Worker,5
935,Male,Books,2001-12-08,146745,Assistant Media Planner,1
936,Female,Computers,2010-12-20,126307,Professor,4
937,Male,Sports,2011-09-25,134931,Tax Accountant,1
938,Female,Home,2002-02-10,73668,Environmental Specialist,2
939,Male,Industrial,2012-01-19,48840,Product Engineer,1
940,Male,Grocery,2014-03-09,146952,Dental Hygienist,2
941,Female,Garden,2006-05-07,73565,Mechanical Systems Engineer,7
942,Male,Shoes,2010-06-07,64443,Senior Sales Associate,6
943,Female,Electronics,2008-01-05,127171,Cost Accountant,4
944,Female,Automotive,2002-02-11,79045,VP Product Management,3
945,Female,Jewelery,2006-03-16,117147,Staff Accountant III,1
946,Female,Outdoors,2014-01-06,69807,Account Representative IV,3
947,Female,Shoes,2004-01-09,128646,Senior Editor,1
948,Male,Tools,2008-02-13,47271,Programmer Analyst IV,1
949,Male,Shoes,2005-12-25,59363,Programmer Analyst IV,1
950,Female,Shoes,2008-07-22,68364,Professor,5
951,Female,Toys,2012-12-17,115975,Social Worker,7
952,Female,Shoes,2008-10-21,53905,Editor,7
953,Male,Grocery,2003-09-03,115360,Social Worker,6
954,Female,Electronics,2011-07-19,120108,Computer Systems Analyst II,5
955,Male,Clothing,2005-04-18,59234,VP Product Management,7
956,Female,Grocery,2007-01-28,76812,Biostatistician III,7
957,Female,Games,2012-05-08,42347,VP Product Management,3
958,Male,Tools,2003-12-05,82164,Compensation Analyst,1
959,Male,Music,2000-11-29,114695,Statistician IV,1
960,Male,Computers,2002-12-31,47541,Payment Adjustment Coordinator,2
961,Female,Baby,2011-11-14,116355,Structural Engineer,5
962,Female,Health,2000-10-13,48339,Engineer III,5
963,Female,Clothing,2012-06-20,58697,Teacher,4
964,Male,Garden,2002-03-02,127268,Nurse Practicioner,4
965,Male,Games,2014-04-02,115541,Pharmacist,6
966,Female,Industrial,2008-02-13,54876,Research Associate,2
967,Female,Beauty,2012-08-13,55081,Mechanical Systems Engineer,5
968,Male,Beauty,2009-09-26,123017,Speech Pathologist,6
969,Male,Clothing,2014-07-05,85294,Media Manager I,4
970,Male,Kids,2004-08-05,54470,Accounting Assistant IV,2
971,Female,Outdoors,2011-06-11,148889,Help Desk Operator,4
972,Female,Baby,2008-01-10,94049,Senior Financial Analyst,7
973,Female,Movies,2009-05-11,51132,Assistant Manager,4
974,Male,Toys,2002-06-14,87422,Research Nurse,3
975,Female,Garden,2014-09-15,88439,Media Manager III,2
976,Male,Beauty,2005-02-25,110749,Legal Assistant,7
977,Male,Beauty,2006-10-26,137911,Accountant IV,4
978,Male,Electronics,2009-06-18,93665,Health Coach I,3
979,Male,Baby,2009-12-31,90068,Quality Control Specialist,6
980,Female,Home,2014-12-19,83704,Editor,5
981,Male,Beauty,2011-06-27,116767,Environmental Tech,3
982,Female,Toys,2000-08-26,54599,Assistant Media Planner,3
983,Female,Sports,2014-02-17,94685,Research Nurse,4
984,Male,Jewelery,2004-10-20,91608,Staff Scientist,5
985,Male,Electronics,2006-02-28,118791,Safety Technician IV,1
986,Male,Beauty,2002-11-27,115888,Librarian,6
987,Female,Tools,2000-12-17,60743,Civil Engineer,5
988,Female,Beauty,2005-04-17,117962,Accountant III,7
989,Female,Music,2004-03-07,67817,Registered Nurse,7
990,Male,Kids,2003-08-06,76229,Business Systems Development Analyst,4
991,Female,Electronics,2009-12-13,62286,Senior Sales Associate,2
992,Male,Outdoors,2006-10-30,121713,Director of Sales,5
993,Female,Books,2009-03-07,139486,Product Engineer,7
994,Female,Health,2002-10-29,141375,Desktop Support Technician,7
995,Female,Jewelery,2010-04-05,83404,Pharmacist,2
996,Female,Games,2013-11-17,78433,Accountant II,7
997,Female,Computers,2007-04-16,120138,Statistician IV,1
998,Female,Games,2010-02-13,60363,Account Coordinator,1
999,Male,Industrial,2004-09-22,48050,Graphic Designer,2
1000,Male,Baby,2003-11-07,148687,General Manager,3
